{"hidden_size": 65, "num_layers": 3, "learning_rate": 0.002523050043858468, "dropout": 0.3432028108104811, "sequence_length": 45}